source,target,label
wd:Q81685,wd:Q273570,Scolarité
wd:Q93897,wd:Q273570,Scolarité
wd:Q123921,wd:Q273570,Scolarité
wd:Q124245,wd:Q273570,Scolarité
wd:Q129155,wd:Q273570,Scolarité
wd:Q129228,wd:Q273570,Scolarité
wd:Q137599,wd:Q273570,Scolarité
wd:Q153622,wd:Q273570,Scolarité
wd:Q199985,wd:Q273570,Scolarité
wd:Q207359,wd:Q273570,Scolarité
wd:Q221775,wd:Q273570,Scolarité
wd:Q272189,wd:Q273570,Scolarité
wd:Q286485,wd:Q273570,Scolarité
wd:Q287175,wd:Q273570,Scolarité
wd:Q318468,wd:Q273570,Scolarité
wd:Q328607,wd:Q273570,Scolarité
wd:Q334970,wd:Q273570,Scolarité
wd:Q340222,wd:Q273570,Scolarité
wd:Q365708,wd:Q273570,Scolarité
wd:Q384651,wd:Q273570,Scolarité
wd:Q447581,wd:Q273570,Scolarité
wd:Q462364,wd:Q273570,Scolarité
wd:Q481453,wd:Q273570,Scolarité
wd:Q514741,wd:Q273570,Scolarité
wd:Q517743,wd:Q273570,Scolarité
wd:Q541418,wd:Q273570,Scolarité
wd:Q549841,wd:Q273570,Scolarité
wd:Q550206,wd:Q273570,Scolarité
wd:Q551316,wd:Q273570,Scolarité
wd:Q568626,wd:Q273570,Scolarité
wd:Q586624,wd:Q273570,Scolarité
wd:Q587038,wd:Q273570,Scolarité
wd:Q634282,wd:Q273570,Scolarité
wd:Q650194,wd:Q273570,Scolarité
wd:Q663533,wd:Q273570,Scolarité
wd:Q664914,wd:Q273570,Scolarité
wd:Q673718,wd:Q273570,Scolarité
wd:Q700638,wd:Q273570,Scolarité
wd:Q719696,wd:Q273570,Scolarité
wd:Q743493,wd:Q273570,Scolarité
wd:Q766823,wd:Q273570,Scolarité
wd:Q830540,wd:Q273570,Scolarité
wd:Q867952,wd:Q273570,Scolarité
wd:Q922350,wd:Q273570,Scolarité
wd:Q956253,wd:Q273570,Scolarité
wd:Q978749,wd:Q273570,Scolarité
wd:Q1004154,wd:Q273570,Scolarité
wd:Q1063760,wd:Q273570,Scolarité
wd:Q1063803,wd:Q273570,Scolarité
wd:Q1080053,wd:Q273570,Scolarité
wd:Q1102766,wd:Q273570,Scolarité
wd:Q1216036,wd:Q273570,Scolarité
wd:Q1219531,wd:Q273570,Scolarité
wd:Q1223382,wd:Q273570,Scolarité
wd:Q1245518,wd:Q273570,Scolarité
wd:Q1285720,wd:Q273570,Scolarité
wd:Q1292864,wd:Q273570,Scolarité
wd:Q1330059,wd:Q273570,Scolarité
wd:Q1338383,wd:Q273570,Scolarité
wd:Q1441778,wd:Q273570,Scolarité
wd:Q1445752,wd:Q273570,Scolarité
wd:Q1451057,wd:Q273570,Scolarité
wd:Q1490053,wd:Q273570,Scolarité
wd:Q1495297,wd:Q273570,Scolarité
wd:Q1495584,wd:Q273570,Scolarité
wd:Q1507000,wd:Q273570,Scolarité
wd:Q1531112,wd:Q273570,Scolarité
wd:Q1556706,wd:Q273570,Scolarité
wd:Q1684718,wd:Q273570,Scolarité
wd:Q1685807,wd:Q273570,Scolarité
wd:Q1749718,wd:Q273570,Scolarité
wd:Q1870426,wd:Q273570,Scolarité
wd:Q1879402,wd:Q273570,Scolarité
wd:Q1892960,wd:Q273570,Scolarité
wd:Q1960293,wd:Q273570,Scolarité
wd:Q2087636,wd:Q273570,Scolarité
wd:Q2093274,wd:Q273570,Scolarité
wd:Q2134088,wd:Q273570,Scolarité
wd:Q2156245,wd:Q273570,Scolarité
wd:Q2206419,wd:Q273570,Scolarité
wd:Q2356118,wd:Q273570,Scolarité
wd:Q2364458,wd:Q273570,Scolarité
wd:Q2375072,wd:Q273570,Scolarité
wd:Q2375867,wd:Q273570,Scolarité
wd:Q2376231,wd:Q273570,Scolarité
wd:Q2377429,wd:Q273570,Scolarité
wd:Q2391269,wd:Q273570,Scolarité
wd:Q2399285,wd:Q273570,Scolarité
wd:Q2408040,wd:Q273570,Scolarité
wd:Q2426092,wd:Q273570,Scolarité
wd:Q2497623,wd:Q273570,Scolarité
wd:Q2568062,wd:Q273570,Scolarité
wd:Q2606667,wd:Q273570,Scolarité
wd:Q2606700,wd:Q273570,Scolarité
wd:Q2636438,wd:Q273570,Scolarité
wd:Q2798870,wd:Q273570,Scolarité
wd:Q2824916,wd:Q273570,Scolarité
wd:Q2825116,wd:Q273570,Scolarité
wd:Q2825127,wd:Q273570,Scolarité
wd:Q2826973,wd:Q273570,Scolarité
wd:Q2829780,wd:Q273570,Scolarité
wd:Q2830378,wd:Q273570,Scolarité
wd:Q2830756,wd:Q273570,Scolarité
wd:Q2831266,wd:Q273570,Scolarité
wd:Q2831331,wd:Q273570,Scolarité
wd:Q2831403,wd:Q273570,Scolarité
wd:Q2831473,wd:Q273570,Scolarité
wd:Q2831896,wd:Q273570,Scolarité
wd:Q2833847,wd:Q273570,Scolarité
wd:Q2834077,wd:Q273570,Scolarité
wd:Q2835035,wd:Q273570,Scolarité
wd:Q2835114,wd:Q273570,Scolarité
wd:Q2840798,wd:Q273570,Scolarité
wd:Q2844708,wd:Q273570,Scolarité
wd:Q2845613,wd:Q273570,Scolarité
wd:Q2847038,wd:Q273570,Scolarité
wd:Q2847164,wd:Q273570,Scolarité
wd:Q2847277,wd:Q273570,Scolarité
wd:Q2847336,wd:Q273570,Scolarité
wd:Q2848766,wd:Q273570,Scolarité
wd:Q2850174,wd:Q273570,Scolarité
wd:Q2850820,wd:Q273570,Scolarité
wd:Q2851000,wd:Q273570,Scolarité
wd:Q2854063,wd:Q273570,Scolarité
wd:Q2855774,wd:Q273570,Scolarité
wd:Q2861197,wd:Q273570,Scolarité
wd:Q2861952,wd:Q273570,Scolarité
wd:Q2862434,wd:Q273570,Scolarité
wd:Q2865116,wd:Q273570,Scolarité
wd:Q2865206,wd:Q273570,Scolarité
wd:Q2868977,wd:Q273570,Scolarité
wd:Q2871228,wd:Q273570,Scolarité
wd:Q2871321,wd:Q273570,Scolarité
wd:Q2871430,wd:Q273570,Scolarité
wd:Q2896092,wd:Q273570,Scolarité
wd:Q2897484,wd:Q273570,Scolarité
wd:Q2898660,wd:Q273570,Scolarité
wd:Q2898807,wd:Q273570,Scolarité
wd:Q2899549,wd:Q273570,Scolarité
wd:Q2926731,wd:Q273570,Scolarité
wd:Q2926789,wd:Q273570,Scolarité
wd:Q2926909,wd:Q273570,Scolarité
wd:Q2934867,wd:Q273570,Scolarité
wd:Q2941994,wd:Q273570,Scolarité
wd:Q2958006,wd:Q273570,Scolarité
wd:Q2958509,wd:Q273570,Scolarité
wd:Q2958598,wd:Q273570,Scolarité
wd:Q2958663,wd:Q273570,Scolarité
wd:Q2959029,wd:Q273570,Scolarité
wd:Q2959766,wd:Q273570,Scolarité
wd:Q2959858,wd:Q273570,Scolarité
wd:Q2959969,wd:Q273570,Scolarité
wd:Q2959978,wd:Q273570,Scolarité
wd:Q2960047,wd:Q273570,Scolarité
wd:Q2960185,wd:Q273570,Scolarité
wd:Q2960585,wd:Q273570,Scolarité
wd:Q2960618,wd:Q273570,Scolarité
wd:Q2960683,wd:Q273570,Scolarité
wd:Q2965963,wd:Q273570,Scolarité
wd:Q2977199,wd:Q273570,Scolarité
wd:Q2977325,wd:Q273570,Scolarité
wd:Q3000448,wd:Q273570,Scolarité
wd:Q3010095,wd:Q273570,Scolarité
wd:Q3011800,wd:Q273570,Scolarité
wd:Q3013642,wd:Q273570,Scolarité
wd:Q3013726,wd:Q273570,Scolarité
wd:Q3014988,wd:Q273570,Scolarité
wd:Q3014992,wd:Q273570,Scolarité
wd:Q3023010,wd:Q273570,Scolarité
wd:Q3023045,wd:Q273570,Scolarité
wd:Q3027140,wd:Q273570,Scolarité
wd:Q3034329,wd:Q273570,Scolarité
wd:Q3035511,wd:Q273570,Scolarité
wd:Q3047520,wd:Q273570,Scolarité
wd:Q3047719,wd:Q273570,Scolarité
wd:Q3056803,wd:Q273570,Scolarité
wd:Q3056833,wd:Q273570,Scolarité
wd:Q3056903,wd:Q273570,Scolarité
wd:Q3057005,wd:Q273570,Scolarité
wd:Q3057041,wd:Q273570,Scolarité
wd:Q3059981,wd:Q273570,Scolarité
wd:Q3060243,wd:Q273570,Scolarité
wd:Q3060246,wd:Q273570,Scolarité
wd:Q3069048,wd:Q273570,Scolarité
wd:Q3069065,wd:Q273570,Scolarité
wd:Q3081674,wd:Q273570,Scolarité
wd:Q3082628,wd:Q273570,Scolarité
wd:Q3084530,wd:Q273570,Scolarité
wd:Q3084576,wd:Q273570,Scolarité
wd:Q3085002,wd:Q273570,Scolarité
wd:Q3086159,wd:Q273570,Scolarité
wd:Q3086514,wd:Q273570,Scolarité
wd:Q3086627,wd:Q273570,Scolarité
wd:Q3089925,wd:Q273570,Scolarité
wd:Q3092386,wd:Q273570,Scolarité
wd:Q3092455,wd:Q273570,Scolarité
wd:Q3092589,wd:Q273570,Scolarité
wd:Q3092592,wd:Q273570,Scolarité
wd:Q3093731,wd:Q273570,Scolarité
wd:Q3093772,wd:Q273570,Scolarité
wd:Q3291312,wd:Q273570,Scolarité
wd:Q3291511,wd:Q273570,Scolarité
wd:Q3291723,wd:Q273570,Scolarité
wd:Q3292118,wd:Q273570,Scolarité
wd:Q3292283,wd:Q273570,Scolarité
wd:Q3293111,wd:Q273570,Scolarité
wd:Q3293561,wd:Q273570,Scolarité
wd:Q3293856,wd:Q273570,Scolarité
wd:Q3295243,wd:Q273570,Scolarité
wd:Q3300516,wd:Q273570,Scolarité
wd:Q3301297,wd:Q273570,Scolarité
wd:Q3308875,wd:Q273570,Scolarité
wd:Q3309525,wd:Q273570,Scolarité
wd:Q3309634,wd:Q273570,Scolarité
wd:Q3309670,wd:Q273570,Scolarité
wd:Q3310336,wd:Q273570,Scolarité
wd:Q3311147,wd:Q273570,Scolarité
wd:Q3320909,wd:Q273570,Scolarité
wd:Q3341054,wd:Q273570,Scolarité
wd:Q3345898,wd:Q273570,Scolarité
wd:Q3348837,wd:Q273570,Scolarité
wd:Q3351082,wd:Q273570,Scolarité
wd:Q3351290,wd:Q273570,Scolarité
wd:Q3367657,wd:Q273570,Scolarité
wd:Q3370238,wd:Q273570,Scolarité
wd:Q3370333,wd:Q273570,Scolarité
wd:Q3370706,wd:Q273570,Scolarité
wd:Q3370861,wd:Q273570,Scolarité
wd:Q3370932,wd:Q273570,Scolarité
wd:Q3371051,wd:Q273570,Scolarité
wd:Q3371226,wd:Q273570,Scolarité
wd:Q3371604,wd:Q273570,Scolarité
wd:Q3371955,wd:Q273570,Scolarité
wd:Q3372077,wd:Q273570,Scolarité
wd:Q3384053,wd:Q273570,Scolarité
wd:Q3384295,wd:Q273570,Scolarité
wd:Q3384881,wd:Q273570,Scolarité
wd:Q3385482,wd:Q273570,Scolarité
wd:Q3385914,wd:Q273570,Scolarité
wd:Q3386153,wd:Q273570,Scolarité
wd:Q3386671,wd:Q273570,Scolarité
wd:Q3387719,wd:Q273570,Scolarité
wd:Q3419136,wd:Q273570,Scolarité
wd:Q3420767,wd:Q273570,Scolarité
wd:Q3420797,wd:Q273570,Scolarité
wd:Q3421078,wd:Q273570,Scolarité
wd:Q3425714,wd:Q273570,Scolarité
wd:Q3426379,wd:Q273570,Scolarité
wd:Q3426626,wd:Q273570,Scolarité
wd:Q3427057,wd:Q273570,Scolarité
wd:Q3434784,wd:Q273570,Scolarité
wd:Q3435854,wd:Q273570,Scolarité
wd:Q3439046,wd:Q273570,Scolarité
wd:Q3455802,wd:Q273570,Scolarité
wd:Q3479345,wd:Q273570,Scolarité
wd:Q3484628,wd:Q273570,Scolarité
wd:Q3507265,wd:Q273570,Scolarité
wd:Q3524209,wd:Q273570,Scolarité
wd:Q3524504,wd:Q273570,Scolarité
wd:Q3527352,wd:Q273570,Scolarité
wd:Q3557464,wd:Q273570,Scolarité
wd:Q3570642,wd:Q273570,Scolarité
wd:Q3571703,wd:Q273570,Scolarité
wd:Q3573413,wd:Q273570,Scolarité
wd:Q3573504,wd:Q273570,Scolarité
wd:Q3573913,wd:Q273570,Scolarité
wd:Q3574188,wd:Q273570,Scolarité
wd:Q3579189,wd:Q273570,Scolarité
wd:Q3579729,wd:Q273570,Scolarité
wd:Q3588284,wd:Q273570,Scolarité
wd:Q3588522,wd:Q273570,Scolarité
wd:Q3588648,wd:Q273570,Scolarité
wd:Q3588656,wd:Q273570,Scolarité
wd:Q3588664,wd:Q273570,Scolarité
wd:Q3588710,wd:Q273570,Scolarité
wd:Q3592368,wd:Q273570,Scolarité
wd:Q3592377,wd:Q273570,Scolarité
wd:Q5605111,wd:Q273570,Scolarité
wd:Q5617172,wd:Q273570,Scolarité
wd:Q6453661,wd:Q273570,Scolarité
wd:Q6548057,wd:Q273570,Scolarité
wd:Q7125916,wd:Q273570,Scolarité
wd:Q8299181,wd:Q273570,Scolarité
wd:Q8304585,wd:Q273570,Scolarité
wd:Q8313632,wd:Q273570,Scolarité
wd:Q8320043,wd:Q273570,Scolarité
wd:Q8327414,wd:Q273570,Scolarité
wd:Q8328866,wd:Q273570,Scolarité
wd:Q8340353,wd:Q273570,Scolarité
wd:Q11906129,wd:Q273570,Scolarité
wd:Q11983324,wd:Q273570,Scolarité
wd:Q12735144,wd:Q273570,Scolarité
wd:Q14637478,wd:Q273570,Scolarité
wd:Q15076223,wd:Q273570,Scolarité
wd:Q15406978,wd:Q273570,Scolarité
wd:Q15407315,wd:Q273570,Scolarité
wd:Q15407386,wd:Q273570,Scolarité
wd:Q15407466,wd:Q273570,Scolarité
wd:Q15407867,wd:Q273570,Scolarité
wd:Q15449654,wd:Q273570,Scolarité
wd:Q3093918,wd:Q273570,Scolarité
wd:Q3100588,wd:Q273570,Scolarité
wd:Q3100605,wd:Q273570,Scolarité
wd:Q3102349,wd:Q273570,Scolarité
wd:Q3102826,wd:Q273570,Scolarité
wd:Q3103331,wd:Q273570,Scolarité
wd:Q3105811,wd:Q273570,Scolarité
wd:Q3106601,wd:Q273570,Scolarité
wd:Q3119691,wd:Q273570,Scolarité
wd:Q3121174,wd:Q273570,Scolarité
wd:Q3121183,wd:Q273570,Scolarité
wd:Q3121538,wd:Q273570,Scolarité
wd:Q3124207,wd:Q273570,Scolarité
wd:Q3130376,wd:Q273570,Scolarité
wd:Q3130381,wd:Q273570,Scolarité
wd:Q3130713,wd:Q273570,Scolarité
wd:Q3130727,wd:Q273570,Scolarité
wd:Q3131532,wd:Q273570,Scolarité
wd:Q3131723,wd:Q273570,Scolarité
wd:Q3131814,wd:Q273570,Scolarité
wd:Q3131998,wd:Q273570,Scolarité
wd:Q3132135,wd:Q273570,Scolarité
wd:Q3132261,wd:Q273570,Scolarité
wd:Q3132284,wd:Q273570,Scolarité
wd:Q3132567,wd:Q273570,Scolarité
wd:Q3142044,wd:Q273570,Scolarité
wd:Q3142496,wd:Q273570,Scolarité
wd:Q3153988,wd:Q273570,Scolarité
wd:Q3154997,wd:Q273570,Scolarité
wd:Q3156083,wd:Q273570,Scolarité
wd:Q3157801,wd:Q273570,Scolarité
wd:Q3158250,wd:Q273570,Scolarité
wd:Q3159084,wd:Q273570,Scolarité
wd:Q3160079,wd:Q273570,Scolarité
wd:Q3162060,wd:Q273570,Scolarité
wd:Q3163743,wd:Q273570,Scolarité
wd:Q3165265,wd:Q273570,Scolarité
wd:Q3165571,wd:Q273570,Scolarité
wd:Q3165737,wd:Q273570,Scolarité
wd:Q3167429,wd:Q273570,Scolarité
wd:Q3168067,wd:Q273570,Scolarité
wd:Q3168950,wd:Q273570,Scolarité
wd:Q3170182,wd:Q273570,Scolarité
wd:Q3170204,wd:Q273570,Scolarité
wd:Q3170286,wd:Q273570,Scolarité
wd:Q3170409,wd:Q273570,Scolarité
wd:Q3170484,wd:Q273570,Scolarité
wd:Q3171454,wd:Q273570,Scolarité
wd:Q3172319,wd:Q273570,Scolarité
wd:Q3172563,wd:Q273570,Scolarité
wd:Q3173244,wd:Q273570,Scolarité
wd:Q3173334,wd:Q273570,Scolarité
wd:Q3173427,wd:Q273570,Scolarité
wd:Q3174316,wd:Q273570,Scolarité
wd:Q3174936,wd:Q273570,Scolarité
wd:Q3175018,wd:Q273570,Scolarité
wd:Q3175110,wd:Q273570,Scolarité
wd:Q3175632,wd:Q273570,Scolarité
wd:Q3175983,wd:Q273570,Scolarité
wd:Q3176091,wd:Q273570,Scolarité
wd:Q3184611,wd:Q273570,Scolarité
wd:Q3185020,wd:Q273570,Scolarité
wd:Q3185289,wd:Q273570,Scolarité
wd:Q3185514,wd:Q273570,Scolarité
wd:Q3188522,wd:Q273570,Scolarité
wd:Q3188544,wd:Q273570,Scolarité
wd:Q3188771,wd:Q273570,Scolarité
wd:Q3188917,wd:Q273570,Scolarité
wd:Q3189000,wd:Q273570,Scolarité
wd:Q3189524,wd:Q273570,Scolarité
wd:Q3218744,wd:Q273570,Scolarité
wd:Q3219010,wd:Q273570,Scolarité
wd:Q3260482,wd:Q273570,Scolarité
wd:Q3260563,wd:Q273570,Scolarité
wd:Q3261425,wd:Q273570,Scolarité
wd:Q3261716,wd:Q273570,Scolarité
wd:Q3261751,wd:Q273570,Scolarité
wd:Q3261827,wd:Q273570,Scolarité
wd:Q3261868,wd:Q273570,Scolarité
wd:Q3262030,wd:Q273570,Scolarité
wd:Q3262419,wd:Q273570,Scolarité
wd:Q3262647,wd:Q273570,Scolarité
wd:Q3262846,wd:Q273570,Scolarité
wd:Q3263525,wd:Q273570,Scolarité
wd:Q3265273,wd:Q273570,Scolarité
wd:Q3265698,wd:Q273570,Scolarité
wd:Q3266138,wd:Q273570,Scolarité
wd:Q3270624,wd:Q273570,Scolarité
wd:Q3271108,wd:Q273570,Scolarité
wd:Q3271156,wd:Q273570,Scolarité
wd:Q3271194,wd:Q273570,Scolarité
wd:Q3271205,wd:Q273570,Scolarité
wd:Q3271595,wd:Q273570,Scolarité
wd:Q3275671,wd:Q273570,Scolarité
wd:Q3287827,wd:Q273570,Scolarité
wd:Q3288382,wd:Q273570,Scolarité
wd:Q3288405,wd:Q273570,Scolarité
wd:Q3288649,wd:Q273570,Scolarité
wd:Q3288956,wd:Q273570,Scolarité
wd:Q3289306,wd:Q273570,Scolarité
wd:Q15556338,wd:Q273570,Scolarité
wd:Q15689791,wd:Q273570,Scolarité
wd:Q15940746,wd:Q273570,Scolarité
wd:Q15961765,wd:Q273570,Scolarité
wd:Q15969998,wd:Q273570,Scolarité
wd:Q15970875,wd:Q273570,Scolarité
wd:Q15970936,wd:Q273570,Scolarité
wd:Q15973363,wd:Q273570,Scolarité
wd:Q15973461,wd:Q273570,Scolarité
wd:Q15973616,wd:Q273570,Scolarité
wd:Q15973860,wd:Q273570,Scolarité
wd:Q16025631,wd:Q273570,Scolarité
wd:Q16025779,wd:Q273570,Scolarité
wd:Q16025977,wd:Q273570,Scolarité
wd:Q16038597,wd:Q273570,Scolarité
wd:Q16222795,wd:Q273570,Scolarité
wd:Q16222825,wd:Q273570,Scolarité
wd:Q16260396,wd:Q273570,Scolarité
wd:Q16265637,wd:Q273570,Scolarité
wd:Q16267257,wd:Q273570,Scolarité
wd:Q16335955,wd:Q273570,Scolarité
wd:Q16536534,wd:Q273570,Scolarité
wd:Q16615765,wd:Q273570,Scolarité
wd:Q16679905,wd:Q273570,Scolarité
wd:Q16855647,wd:Q273570,Scolarité
wd:Q16862516,wd:Q273570,Scolarité
wd:Q16909603,wd:Q273570,Scolarité
wd:Q16912274,wd:Q273570,Scolarité
wd:Q16916470,wd:Q273570,Scolarité
wd:Q17350079,wd:Q273570,Scolarité
wd:Q17350591,wd:Q273570,Scolarité
wd:Q17626172,wd:Q273570,Scolarité
wd:Q17629021,wd:Q273570,Scolarité
wd:Q17977174,wd:Q273570,Scolarité
wd:Q18115478,wd:Q273570,Scolarité
wd:Q18115496,wd:Q273570,Scolarité
wd:Q18172345,wd:Q273570,Scolarité
wd:Q18391520,wd:Q273570,Scolarité
wd:Q18509073,wd:Q273570,Scolarité
wd:Q18578072,wd:Q273570,Scolarité
wd:Q18744706,wd:Q273570,Scolarité
wd:Q19266265,wd:Q273570,Scolarité
wd:Q19543945,wd:Q273570,Scolarité
wd:Q19606616,wd:Q273570,Scolarité
wd:Q19630162,wd:Q273570,Scolarité
wd:Q19631311,wd:Q273570,Scolarité
wd:Q19952591,wd:Q273570,Scolarité
wd:Q19956440,wd:Q273570,Scolarité
wd:Q20011871,wd:Q273570,Scolarité
wd:Q20203356,wd:Q273570,Scolarité
wd:Q20556667,wd:Q273570,Scolarité
wd:Q20851391,wd:Q273570,Scolarité
wd:Q20961921,wd:Q273570,Scolarité
wd:Q21401806,wd:Q273570,Scolarité
wd:Q21733379,wd:Q273570,Scolarité
wd:Q21937977,wd:Q273570,Scolarité
wd:Q22812367,wd:Q273570,Scolarité
wd:Q22939964,wd:Q273570,Scolarité
wd:Q22996017,wd:Q273570,Scolarité
wd:Q23446593,wd:Q273570,Scolarité
wd:Q24276091,wd:Q273570,Scolarité
wd:Q24928733,wd:Q273570,Scolarité
wd:Q24935589,wd:Q273570,Scolarité
wd:Q24937289,wd:Q273570,Scolarité
wd:Q25391761,wd:Q273570,Scolarité
wd:Q25496816,wd:Q273570,Scolarité
wd:Q25712297,wd:Q273570,Scolarité
wd:Q25932222,wd:Q273570,Scolarité
wd:Q26178941,wd:Q273570,Scolarité
wd:Q26460027,wd:Q273570,Scolarité
wd:Q26954685,wd:Q273570,Scolarité
wd:Q27535600,wd:Q273570,Scolarité
wd:Q27661799,wd:Q273570,Scolarité
wd:Q27834811,wd:Q273570,Scolarité
wd:Q28034989,wd:Q273570,Scolarité
wd:Q28166085,wd:Q273570,Scolarité
wd:Q28543803,wd:Q273570,Scolarité
wd:Q28548090,wd:Q273570,Scolarité
wd:Q28552605,wd:Q273570,Scolarité
wd:Q28587084,wd:Q273570,Scolarité
wd:Q28653124,wd:Q273570,Scolarité
wd:Q28654089,wd:Q273570,Scolarité
wd:Q28657174,wd:Q273570,Scolarité
wd:Q28728353,wd:Q273570,Scolarité
wd:Q28732963,wd:Q273570,Scolarité
wd:Q28739903,wd:Q273570,Scolarité
wd:Q28772035,wd:Q273570,Scolarité
wd:Q28777003,wd:Q273570,Scolarité
wd:Q28803059,wd:Q273570,Scolarité
wd:Q28822713,wd:Q273570,Scolarité
wd:Q28837187,wd:Q273570,Scolarité
wd:Q28845571,wd:Q273570,Scolarité
wd:Q28845813,wd:Q273570,Scolarité
wd:Q28845992,wd:Q273570,Scolarité
wd:Q28846011,wd:Q273570,Scolarité
wd:Q28846106,wd:Q273570,Scolarité
wd:Q28848574,wd:Q273570,Scolarité
wd:Q28849174,wd:Q273570,Scolarité
wd:Q28856691,wd:Q273570,Scolarité
wd:Q28920302,wd:Q273570,Scolarité
wd:Q28920319,wd:Q273570,Scolarité
wd:Q28942570,wd:Q273570,Scolarité
wd:Q28943644,wd:Q273570,Scolarité
wd:Q29515305,wd:Q273570,Scolarité
wd:Q29896507,wd:Q273570,Scolarité
wd:Q30002221,wd:Q273570,Scolarité
wd:Q30058691,wd:Q273570,Scolarité
wd:Q30062526,wd:Q273570,Scolarité
wd:Q30246089,wd:Q273570,Scolarité
wd:Q30332130,wd:Q273570,Scolarité
wd:Q33178442,wd:Q273570,Scolarité
wd:Q33695383,wd:Q273570,Scolarité
wd:Q33825322,wd:Q273570,Scolarité
wd:Q34060124,wd:Q273570,Scolarité
wd:Q34657887,wd:Q273570,Scolarité
wd:Q34777800,wd:Q273570,Scolarité
wd:Q34780512,wd:Q273570,Scolarité
wd:Q34786278,wd:Q273570,Scolarité
wd:Q34786477,wd:Q273570,Scolarité
wd:Q34795650,wd:Q273570,Scolarité
wd:Q34796613,wd:Q273570,Scolarité
wd:Q34796963,wd:Q273570,Scolarité
wd:Q34797236,wd:Q273570,Scolarité
wd:Q34797859,wd:Q273570,Scolarité
wd:Q34816135,wd:Q273570,Scolarité
wd:Q35023956,wd:Q273570,Scolarité
wd:Q35026461,wd:Q273570,Scolarité
wd:Q35108455,wd:Q273570,Scolarité
wd:Q35118120,wd:Q273570,Scolarité
wd:Q35127600,wd:Q273570,Scolarité
wd:Q35229518,wd:Q273570,Scolarité
wd:Q36205302,wd:Q273570,Scolarité
wd:Q36210511,wd:Q273570,Scolarité
wd:Q36216976,wd:Q273570,Scolarité
wd:Q36322618,wd:Q273570,Scolarité
wd:Q36369571,wd:Q273570,Scolarité
wd:Q36369926,wd:Q273570,Scolarité
wd:Q36370209,wd:Q273570,Scolarité
wd:Q36386000,wd:Q273570,Scolarité
wd:Q36390157,wd:Q273570,Scolarité
wd:Q36459081,wd:Q273570,Scolarité
wd:Q36459701,wd:Q273570,Scolarité
wd:Q36460721,wd:Q273570,Scolarité
wd:Q36462694,wd:Q273570,Scolarité
wd:Q36476968,wd:Q273570,Scolarité
wd:Q36481218,wd:Q273570,Scolarité
wd:Q36483293,wd:Q273570,Scolarité
wd:Q36484267,wd:Q273570,Scolarité
wd:Q38240393,wd:Q273570,Scolarité
wd:Q41710173,wd:Q273570,Scolarité
wd:Q41961995,wd:Q273570,Scolarité
wd:Q41969348,wd:Q273570,Scolarité
wd:Q41986048,wd:Q273570,Scolarité
wd:Q41986619,wd:Q273570,Scolarité
wd:Q41987084,wd:Q273570,Scolarité
wd:Q41987589,wd:Q273570,Scolarité
wd:Q41987983,wd:Q273570,Scolarité
wd:Q41988426,wd:Q273570,Scolarité
wd:Q41988861,wd:Q273570,Scolarité
wd:Q42014684,wd:Q273570,Scolarité
wd:Q42315456,wd:Q273570,Scolarité
wd:Q42663317,wd:Q273570,Scolarité
wd:Q42663431,wd:Q273570,Scolarité
wd:Q42663534,wd:Q273570,Scolarité
wd:Q42663669,wd:Q273570,Scolarité
wd:Q922350,wd:Q273570,Employeur
wd:Q1245518,wd:Q273570,Employeur
wd:Q1338383,wd:Q273570,Employeur
wd:Q2156245,wd:Q273570,Employeur
wd:Q2408040,wd:Q273570,Employeur
wd:Q2497623,wd:Q273570,Employeur
wd:Q2850174,wd:Q273570,Employeur
wd:Q2865116,wd:Q273570,Employeur
wd:Q2871321,wd:Q273570,Employeur
wd:Q2897484,wd:Q273570,Employeur
wd:Q2926731,wd:Q273570,Employeur
wd:Q2926789,wd:Q273570,Employeur
wd:Q2959858,wd:Q273570,Employeur
wd:Q2965963,wd:Q273570,Employeur
wd:Q3121174,wd:Q273570,Employeur
wd:Q3263525,wd:Q273570,Employeur
wd:Q3301297,wd:Q273570,Employeur
wd:Q3351082,wd:Q273570,Employeur
wd:Q3351290,wd:Q273570,Employeur
wd:Q3367657,wd:Q273570,Employeur
wd:Q3386153,wd:Q273570,Employeur
wd:Q3439046,wd:Q273570,Employeur
wd:Q3571703,wd:Q273570,Employeur
wd:Q19606616,wd:Q273570,Employeur
wd:Q28548090,wd:Q273570,Employeur
wd:Q310791,wd:Q182542,Employeur
wd:Q2861197,wd:Q182542,Employeur
wd:Q3269422,wd:Q182542,Employeur
wd:Q16862516,wd:Q182542,Employeur
wd:Q23607567,wd:Q182542,Employeur
wd:Q28845992,wd:Q182542,Employeur
wd:Q34657887,wd:Q182542,Employeur
wd:Q35821492,wd:Q182542,Employeur
wd:Q36484267,wd:Q182542,Employeur
wd:Q240788,wd:Q193563,Employeur
wd:Q545045,wd:Q193563,Employeur
wd:Q673718,wd:Q193563,Employeur
wd:Q860169,wd:Q193563,Employeur
wd:Q979783,wd:Q193563,Employeur
wd:Q2206419,wd:Q193563,Employeur
wd:Q2377429,wd:Q193563,Employeur
wd:Q2827011,wd:Q193563,Employeur
wd:Q2861197,wd:Q193563,Employeur
wd:Q3060050,wd:Q193563,Employeur
wd:Q3170204,wd:Q193563,Employeur
wd:Q3380639,wd:Q193563,Employeur
wd:Q4156450,wd:Q193563,Employeur
wd:Q15710805,wd:Q193563,Employeur
wd:Q15973860,wd:Q193563,Employeur
wd:Q16862516,wd:Q193563,Employeur
wd:Q20011871,wd:Q193563,Employeur
wd:Q25931580,wd:Q193563,Employeur
wd:Q28849174,wd:Q193563,Employeur
wd:Q28945134,wd:Q193563,Employeur
wd:Q35852527,wd:Q193563,Employeur
wd:Q36487021,wd:Q193563,Employeur
wd:Q19606616,wd:Q2860432,Employeur
wd:Q3579857,wd:Q635734,Fonction
wd:Q28166085,wd:Q635734,Fonction
wd:Q28822713,wd:Q635734,Fonction
wd:Q1495297,wd:Q635734,Occupation
wd:Q1559057,wd:Q635734,Occupation
wd:Q1684704,wd:Q635734,Occupation
wd:Q1684718,wd:Q635734,Occupation
wd:Q1872129,wd:Q635734,Occupation
wd:Q1873427,wd:Q635734,Occupation
wd:Q1874143,wd:Q635734,Occupation
wd:Q1960293,wd:Q635734,Occupation
wd:Q2156245,wd:Q635734,Occupation
wd:Q2399285,wd:Q635734,Occupation
wd:Q2606667,wd:Q635734,Occupation
wd:Q2829780,wd:Q635734,Occupation
wd:Q2830756,wd:Q635734,Occupation
wd:Q2831331,wd:Q635734,Occupation
wd:Q2834077,wd:Q635734,Occupation
wd:Q2847061,wd:Q635734,Occupation
wd:Q2847277,wd:Q635734,Occupation
wd:Q2848060,wd:Q635734,Occupation
wd:Q2865116,wd:Q635734,Occupation
wd:Q2897426,wd:Q635734,Occupation
wd:Q2899549,wd:Q635734,Occupation
wd:Q2920822,wd:Q635734,Occupation
wd:Q2926731,wd:Q635734,Occupation
wd:Q2926789,wd:Q635734,Occupation
wd:Q2935046,wd:Q635734,Occupation
wd:Q2960047,wd:Q635734,Occupation
wd:Q2960185,wd:Q635734,Occupation
wd:Q2960683,wd:Q635734,Occupation
wd:Q2965963,wd:Q635734,Occupation
wd:Q3010095,wd:Q635734,Occupation
wd:Q3047719,wd:Q635734,Occupation
wd:Q3050950,wd:Q635734,Occupation
wd:Q3057005,wd:Q635734,Occupation
wd:Q3057041,wd:Q635734,Occupation
wd:Q3069065,wd:Q635734,Occupation
wd:Q3085002,wd:Q635734,Occupation
wd:Q3086514,wd:Q635734,Occupation
wd:Q3093918,wd:Q635734,Occupation
wd:Q3102826,wd:Q635734,Occupation
wd:Q3103225,wd:Q635734,Occupation
wd:Q3104102,wd:Q635734,Occupation
wd:Q3121183,wd:Q635734,Occupation
wd:Q3121251,wd:Q635734,Occupation
wd:Q3124207,wd:Q635734,Occupation
wd:Q3130376,wd:Q635734,Occupation
wd:Q3130381,wd:Q635734,Occupation
wd:Q3130487,wd:Q635734,Occupation
wd:Q3130727,wd:Q635734,Occupation
wd:Q3131814,wd:Q635734,Occupation
wd:Q3132091,wd:Q635734,Occupation
wd:Q3132261,wd:Q635734,Occupation
wd:Q3142496,wd:Q635734,Occupation
wd:Q3154997,wd:Q635734,Occupation
wd:Q3165571,wd:Q635734,Occupation
wd:Q3166566,wd:Q635734,Occupation
wd:Q3170182,wd:Q635734,Occupation
wd:Q3170216,wd:Q635734,Occupation
wd:Q3170452,wd:Q635734,Occupation
wd:Q3184611,wd:Q635734,Occupation
wd:Q3184612,wd:Q635734,Occupation
wd:Q3188544,wd:Q635734,Occupation
wd:Q3260482,wd:Q635734,Occupation
wd:Q3260563,wd:Q635734,Occupation
wd:Q3261751,wd:Q635734,Occupation
wd:Q3261868,wd:Q635734,Occupation
wd:Q3265273,wd:Q635734,Occupation
wd:Q3270624,wd:Q635734,Occupation
wd:Q3271194,wd:Q635734,Occupation
wd:Q3271205,wd:Q635734,Occupation
wd:Q3271595,wd:Q635734,Occupation
wd:Q3288649,wd:Q635734,Occupation
wd:Q3291511,wd:Q635734,Occupation
wd:Q3291552,wd:Q635734,Occupation
wd:Q3291723,wd:Q635734,Occupation
wd:Q3301297,wd:Q635734,Occupation
wd:Q3302766,wd:Q635734,Occupation
wd:Q3308875,wd:Q635734,Occupation
wd:Q3309525,wd:Q635734,Occupation
wd:Q3309634,wd:Q635734,Occupation
wd:Q3340860,wd:Q635734,Occupation
wd:Q3341054,wd:Q635734,Occupation
wd:Q3345898,wd:Q635734,Occupation
wd:Q3370861,wd:Q635734,Occupation
wd:Q3371604,wd:Q635734,Occupation
wd:Q3371955,wd:Q635734,Occupation
wd:Q3371992,wd:Q635734,Occupation
wd:Q3384295,wd:Q635734,Occupation
wd:Q3384881,wd:Q635734,Occupation
wd:Q3387719,wd:Q635734,Occupation
wd:Q3419136,wd:Q635734,Occupation
wd:Q3420767,wd:Q635734,Occupation
wd:Q3421078,wd:Q635734,Occupation
wd:Q3435854,wd:Q635734,Occupation
wd:Q3439046,wd:Q635734,Occupation
wd:Q3455802,wd:Q635734,Occupation
wd:Q3490415,wd:Q635734,Occupation
wd:Q3524504,wd:Q635734,Occupation
wd:Q3526455,wd:Q635734,Occupation
wd:Q3564361,wd:Q635734,Occupation
wd:Q3573913,wd:Q635734,Occupation
wd:Q127275,wd:Q635734,Occupation
wd:Q137599,wd:Q635734,Occupation
wd:Q178991,wd:Q635734,Occupation
wd:Q199985,wd:Q635734,Occupation
wd:Q279425,wd:Q635734,Occupation
wd:Q286485,wd:Q635734,Occupation
wd:Q289303,wd:Q635734,Occupation
wd:Q310791,wd:Q635734,Occupation
wd:Q318468,wd:Q635734,Occupation
wd:Q378684,wd:Q635734,Occupation
wd:Q450310,wd:Q635734,Occupation
wd:Q549841,wd:Q635734,Occupation
wd:Q587038,wd:Q635734,Occupation
wd:Q1114324,wd:Q635734,Occupation
wd:Q1187395,wd:Q635734,Occupation
wd:Q1216036,wd:Q635734,Occupation
wd:Q1338383,wd:Q635734,Occupation
wd:Q1386130,wd:Q635734,Occupation
wd:Q1441778,wd:Q635734,Occupation
wd:Q1456238,wd:Q635734,Occupation
wd:Q648584,wd:Q635734,Occupation
wd:Q677472,wd:Q635734,Occupation
wd:Q743493,wd:Q635734,Occupation
wd:Q745858,wd:Q635734,Occupation
wd:Q867952,wd:Q635734,Occupation
wd:Q947276,wd:Q635734,Occupation
wd:Q978749,wd:Q635734,Occupation
wd:Q1063803,wd:Q635734,Occupation
wd:Q21733379,wd:Q635734,Occupation
wd:Q22134539,wd:Q635734,Occupation
wd:Q24276091,wd:Q635734,Occupation
wd:Q25932222,wd:Q635734,Occupation
wd:Q26178941,wd:Q635734,Occupation
wd:Q26213085,wd:Q635734,Occupation
wd:Q15407315,wd:Q635734,Occupation
wd:Q15407386,wd:Q635734,Occupation
wd:Q15449654,wd:Q635734,Occupation
wd:Q15727649,wd:Q635734,Occupation
wd:Q15763448,wd:Q635734,Occupation
wd:Q15969998,wd:Q635734,Occupation
wd:Q15973461,wd:Q635734,Occupation
wd:Q16222825,wd:Q635734,Occupation
wd:Q16260396,wd:Q635734,Occupation
wd:Q16267257,wd:Q635734,Occupation
wd:Q16862516,wd:Q635734,Occupation
wd:Q17629021,wd:Q635734,Occupation
wd:Q17977174,wd:Q635734,Occupation
wd:Q18011794,wd:Q635734,Occupation
wd:Q18115456,wd:Q635734,Occupation
wd:Q18115478,wd:Q635734,Occupation
wd:Q18510341,wd:Q635734,Occupation
wd:Q18578072,wd:Q635734,Occupation
wd:Q18600895,wd:Q635734,Occupation
wd:Q18744954,wd:Q635734,Occupation
wd:Q19266265,wd:Q635734,Occupation
wd:Q19606616,wd:Q635734,Occupation
wd:Q19956440,wd:Q635734,Occupation
wd:Q20789764,wd:Q635734,Occupation
wd:Q21043236,wd:Q635734,Occupation
wd:Q27535600,wd:Q635734,Occupation
wd:Q27788724,wd:Q635734,Occupation
wd:Q27914575,wd:Q635734,Occupation
wd:Q28038995,wd:Q635734,Occupation
wd:Q28476099,wd:Q635734,Occupation
wd:Q28563882,wd:Q635734,Occupation
wd:Q28587084,wd:Q635734,Occupation
wd:Q28654089,wd:Q635734,Occupation
wd:Q28723376,wd:Q635734,Occupation
wd:Q28728353,wd:Q635734,Occupation
wd:Q28729053,wd:Q635734,Occupation
wd:Q28822713,wd:Q635734,Occupation
wd:Q28916714,wd:Q635734,Occupation
wd:Q32860453,wd:Q635734,Occupation
wd:Q33695383,wd:Q635734,Occupation
wd:Q33700091,wd:Q635734,Occupation
wd:Q33823809,wd:Q635734,Occupation
wd:Q33878194,wd:Q635734,Occupation
wd:Q33879393,wd:Q635734,Occupation
wd:Q34007588,wd:Q635734,Occupation
wd:Q34011476,wd:Q635734,Occupation
wd:Q34013771,wd:Q635734,Occupation
wd:Q34024663,wd:Q635734,Occupation
wd:Q34029797,wd:Q635734,Occupation
wd:Q34032365,wd:Q635734,Occupation
wd:Q34034949,wd:Q635734,Occupation
wd:Q34041255,wd:Q635734,Occupation
wd:Q34041910,wd:Q635734,Occupation
wd:Q34052622,wd:Q635734,Occupation
wd:Q34058284,wd:Q635734,Occupation
wd:Q34062195,wd:Q635734,Occupation
wd:Q34063031,wd:Q635734,Occupation
wd:Q34067897,wd:Q635734,Occupation
wd:Q34644248,wd:Q635734,Occupation
wd:Q34648435,wd:Q635734,Occupation
wd:Q34802691,wd:Q635734,Occupation
wd:Q34816135,wd:Q635734,Occupation
wd:Q34838434,wd:Q635734,Occupation
wd:Q35140434,wd:Q635734,Occupation
wd:Q35162580,wd:Q635734,Occupation
wd:Q35229518,wd:Q635734,Occupation
wd:Q35229749,wd:Q635734,Occupation
wd:Q35231741,wd:Q635734,Occupation
wd:Q35237751,wd:Q635734,Occupation
wd:Q35244817,wd:Q635734,Occupation
wd:Q35250596,wd:Q635734,Occupation
wd:Q38151825,wd:Q635734,Occupation
wd:Q44949043,wd:Q635734,Occupation
wd:Q3579189,wd:Q635734,Occupation
wd:Q3579824,wd:Q635734,Occupation
wd:Q3588349,wd:Q635734,Occupation
wd:Q3588522,wd:Q635734,Occupation
wd:Q3592368,wd:Q635734,Occupation
wd:Q3998414,wd:Q635734,Occupation
wd:Q4282498,wd:Q635734,Occupation
wd:Q8327414,wd:Q635734,Occupation
wd:Q8340353,wd:Q635734,Occupation
wd:Q2826973,wd:Q2994440,Occupation
wd:Q2847624,wd:Q2994440,Occupation
wd:Q2851241,wd:Q2994440,Occupation
wd:Q3109280,wd:Q2994440,Occupation
wd:Q3385922,wd:Q2994440,Occupation
wd:Q14626534,wd:Q2994440,Occupation
wd:Q15407461,wd:Q2994440,Occupation
wd:Q15407464,wd:Q2994440,Occupation
wd:Q20966423,wd:Q2994440,Occupation
wd:Q21791506,wd:Q2994440,Occupation
wd:Q22910673,wd:Q2994440,Occupation
wd:Q24050936,wd:Q2994440,Occupation
wd:Q24807487,wd:Q2994440,Occupation
wd:Q25308266,wd:Q2994440,Occupation
wd:Q27919929,wd:Q2994440,Occupation
wd:Q28563882,wd:Q2994440,Occupation
wd:Q29862605,wd:Q2994440,Occupation
wd:Q30105490,wd:Q2994440,Occupation
wd:Q43260360,wd:Q2994440,Occupation
wd:Q962402,wd:Q2994439,Fonction
wd:Q1607626,wd:Q2994439,Fonction
wd:Q1872012,wd:Q2994439,Fonction
wd:Q3083617,wd:Q2994439,Fonction
wd:Q30058691,wd:Q2994439,Fonction
wd:Q30062526,wd:Q2994439,Fonction
wd:Q678078,wd:Q2994439,Occupation
wd:Q860169,wd:Q2994439,Occupation
wd:Q2377429,wd:Q2994439,Occupation
wd:Q2831510,wd:Q2994439,Occupation
wd:Q3093853,wd:Q2994439,Occupation
wd:Q3130713,wd:Q2994439,Occupation
wd:Q3170286,wd:Q2994439,Occupation
wd:Q3310336,wd:Q2994439,Occupation
wd:Q3490415,wd:Q2994439,Occupation
wd:Q17497079,wd:Q2994439,Occupation
wd:Q20743254,wd:Q2994439,Occupation
wd:Q21192403,wd:Q2994439,Occupation
wd:Q46029250,wd:Q2994439,Occupation
wd:Q2257450,wd:Q384602,Employeur
wd:Q2848722,wd:Q384602,Employeur
wd:Q3035233,wd:Q384602,Employeur
wd:Q3102548,wd:Q384602,Employeur
wd:Q3109280,wd:Q384602,Employeur
wd:Q21030683,wd:Q384602,Employeur
wd:Q28934150,wd:Q384602,Employeur
wd:Q28934181,wd:Q384602,Employeur
wd:Q108628,wd:Q19675,Employeur
wd:Q338430,wd:Q19675,Employeur
wd:Q544531,wd:Q19675,Employeur
wd:Q2206419,wd:Q19675,Employeur
wd:Q2851241,wd:Q19675,Employeur
wd:Q3167394,wd:Q19675,Employeur
wd:Q3559798,wd:Q19675,Employeur
wd:Q19754068,wd:Q19675,Employeur
wd:Q22212277,wd:Q19675,Employeur
wd:Q24237559,wd:Q19675,Employeur
wd:Q28859818,wd:Q19675,Employeur
wd:Q28945134,wd:Q19675,Employeur
wd:Q41751261,wd:Q19675,Employeur
wd:Q34208240,wd:Q1664768,Employeur
